Type,Processed_Content
Paragraph,"hezbollah also say it ha fire rocket at haifa in israel , while isra air strike reportedli kill a hama leader in northern lebanon ."
Paragraph,there have been mani moment of extrem danger over the past year . thi is the worst .
Paragraph,stefan norblin paint beauti mural in the art deco style for indian maharaja in the 1940 .
Paragraph,the singer say she wa `` heartbroken '' by the destruct wrought in the u by the power storm .
Paragraph,"almost a year after a fake clip of a high school princip went viral , the impact on an american town linger ."
Paragraph,there have been mani moment of extrem danger over the past year . thi is the worst .
Paragraph,"investig found a seri of safeti failur follow the accid , leav the countri shock ."
Paragraph,"a year sinc score of peopl were kill here , the collect is splinter - psycholog and physic ."
Paragraph,greg smith went viral with hi account of the assassin attempt in pennsylvania . he speak again to the bbc .
Paragraph,stefan norblin paint beauti mural in the art deco style for indian maharaja in the 1940 .
Paragraph,the world health organis say at least 37 facil have shut and dozen of medic staff have die .
Paragraph,"address a vast crowd in tehran , ayatollah khamenei say the attack were the `` minimum punish '' ."
Paragraph,"social medium user express a mixtur of pride , uncertainti and fear after iran 's strike on israel ."
Paragraph,"they were film on the isra side of the border , close to where clash had been report ."
Paragraph,israel 's militari say the cross point with syria wa be use by hezbollah to smuggl in weapon .
Paragraph,plan announc by offici spark a stock market ralli but economist are unsur it is enough .
Paragraph,ricciardo leav f1 a one of it most success and popular driver and a legend of australian sport .
Paragraph,to what extent is the advic given on maf similar to the therapi that happen in a real counsel room ?
Paragraph,presid mahamat débi is get closer to moscow with the u and franc nervous look on .
Paragraph,"the mood in butler , pennsylvania , is a mixtur of guilt and grief ahead of trump 's return ."
Paragraph,ricciardo leav f1 a one of it most success and popular driver and a legend of australian sport .
Paragraph,"there are no set rule when it come to tip but here 's what hospit staff , custom and expert have to say ."
Paragraph,"more than 90 year after it first test match , india boast more victori in the format than loss ."
Paragraph,to what extent is the advic given on maf similar to the therapi that happen in a real counsel room ?
Paragraph,the doughi drama ha left foodi and influenc scratch their head in australia .
Paragraph,"trump slam fema for spend money on migrant , but the agenc say those fund did not come from it hurrican relief ."
Paragraph,the largest solar flare sinc 2017 ha been spot erupt from the sun ’ s surfac .
Paragraph,"the eleph were evacu from flash flood at a sanctuari near chiang mai , thailand ."
Paragraph,lack of test and delay in get the result have made curb the viru 's spread harder .
Paragraph,"trump slam fema for spend money on migrant , but the agenc say those fund did not come from it hurrican relief ."
Paragraph,more peopl are be prosecut for danger drive thank to a huge increas in footag submit to polic by the public .
Paragraph,admir sir ben key said : `` we must be better than thi and do better than we have . ''
Paragraph,the largest solar flare sinc 2017 ha been spot erupt from the sun ’ s surfac .
Paragraph,follow live a crystal palac host liverpool in the first of seven premier leagu game on saturday .
Paragraph,england captain ben stoke is out of the first test against pakistan after fail to recov from a hamstr injuri in time .
Paragraph,"follow live text & score updat from 10 game in the championship , includ three match at 12:30 bst ."
Paragraph,"follow live text and radio commentari , score updat and match stat from brighton & hove albion v aston villa in the woman 's super leagu ."
Paragraph,fourth seed coco gauff come from a set and a break down to beat paula badosa and reach her first china open final .
Paragraph,england captain ben stoke is out of the first test against pakistan after fail to recov from a hamstr injuri in time .
Paragraph,"follow live text , in-play video clip and radio commentari a australia face sri lanka in the t20 world cup in sharjah ."
Paragraph,manchest unit co-own sir jim ratcliff say the futur of under-pressur manag erik ten hag is `` not my call '' .
Paragraph,"follow live text & score updat from 10 game in the championship , includ three match at 12:30 bst ."
Paragraph,copyright 2024 bbc . all right reserved.thebbcisnot respons for the content of extern sites.read about our approach to extern link .
